ticket_id,created_date,severity,system,module,issue_type,short_description,detailed_description,root_cause,remediation_steps,assigned_agent,resolution_time_hours,status,business_impact,recurrence_count,environment
INC001,2026-01-05,P1,SAP ECC,MM,Performance,SAP MM transaction MIGO extremely slow,Users report MIGO transaction taking over 60 seconds to load during goods receipt posting. Buffer pool exhausted.,Database buffer pool overflow due to large batch posting without index optimization,1. Check ST02 buffer statistics 2. Increase buffer pool size in RZ10 3. Rebuild indexes on MSEG table 4. Schedule batch postings off-peak,Agent_DB_01,4.5,Resolved,High,12,Production
INC002,2026-01-06,P2,SAP ECC,FI,Error,FI posting period not open for January,Users cannot post financial documents in January. Posting period configuration missing for new fiscal year.,Posting period variant not maintained for new fiscal year in OB52,1. Open transaction OB52 2. Maintain posting period for period 01/2026 3. Verify authorization group 4. Test with FB01,Agent_FI_01,1.5,Resolved,High,4,Production
INC003,2026-01-07,P3,SAP ECC,SD,Configuration,SD pricing condition not calculating correctly,Sales orders showing incorrect pricing for material group Z001. Condition type PR00 returning zero.,Validity period expired on pricing condition record in VK11,1. Check VK13 for condition records 2. Extend validity dates in VK11 3. Regenerate pricing in VA02 4. Verify with billing simulation,Agent_SD_01,3.0,Resolved,Medium,7,Production
INC004,2026-01-08,P1,Oracle EBS,AP,Error,Oracle AP invoice interface failing with ORA-00001,Invoice import program APXIIMPT failing with unique constraint violation. 500+ invoices stuck in interface.,Duplicate invoice numbers in AP_INVOICES_INTERFACE table from upstream feed,1. Query interface table for duplicates 2. Purge duplicate records 3. Fix source system duplicate check 4. Rerun APXIIMPT import program,Agent_DB_01,6.0,Resolved,Critical,15,Production
INC005,2026-01-09,P2,SAP ECC,MM,Performance,MRP run taking over 12 hours to complete,Weekly MRP run MD01 exceeding maintenance window. System resources maxed during execution.,Missing indexes on planning tables and excessive MRP scope without proper plant/MRP area filters,1. Review MD01 scope parameters 2. Add indexes on MDKP/MDTB tables 3. Enable parallel processing in OMIX 4. Segment MRP by plant groups,Agent_DB_01,8.0,Resolved,High,10,Production
INC006,2026-01-10,P3,SAP ECC,BASIS,Access,Users locked out after password policy change,Multiple users unable to login after security policy update. SUIM showing locked accounts.,New password policy parameters in SECPOL not communicated to user base,1. Review locked users in SU10 2. Mass unlock via SU10 3. Communicate new password requirements 4. Monitor login failures in SM20,Agent_SEC_01,2.0,Resolved,Medium,3,Production
INC007,2026-01-11,P2,Oracle EBS,GL,Error,Oracle GL journal import rejecting entries,AutoPost program failing with period not open error. Month-end close journals stuck.,GL period status not set to Open for January in GL_PERIOD_STATUSES,1. Open GL period via Navigate > Setup > Open/Close 2. Verify subledger periods 3. Resubmit journal import 4. Validate with trial balance,Agent_FI_01,2.5,Resolved,High,5,Production
INC008,2026-01-12,P1,SAP ECC,MM,Performance,Warehouse management RF transactions timeout,RF scanner transactions in LT01/LT02 timing out. Warehouse operations halted.,Network latency combined with large open transfer order volume in LTBK table,1. Archive completed transfer orders 2. Check network latency to RF devices 3. Optimize LTBK table indexes 4. Increase dialog work process timeout,Agent_DB_01,5.0,Resolved,Critical,18,Production
INC009,2026-01-13,P2,SAP ECC,FI,Configuration,Asset depreciation run posting to wrong cost center,AFAB depreciation run posting to old cost center after reorganization. Financial reports incorrect.,Cost center assignment in asset master not updated after org restructuring,1. Run AR02 to check asset master 2. Mass update cost centers via ABUMN 3. Reverse incorrect postings 4. Rerun AFAB for affected assets,Agent_FI_01,4.0,Resolved,High,6,Production
INC010,2026-01-14,P3,Oracle EBS,INV,Error,Oracle Inventory min-max planning not generating orders,Min-max planning report not creating requisitions. Stock levels falling below safety stock.,Item planning method not set to Min-Max in item master organization parameters,1. Check item attributes in Item Master 2. Set planning method to Min-Max 3. Define min/max quantities 4. Rerun min-max planning report,Agent_MM_01,3.5,Resolved,Medium,8,Production
INC011,2026-01-15,P1,SAP ECC,MM,Performance,SAP HANA memory alert - MM tables consuming excessive memory,HANA memory utilization at 92%. MSEG and MKPF tables consuming majority of column store memory.,Historical data not archived. Table partitioning not optimized for HANA.,1. Check HANA Studio memory overview 2. Archive MSEG/MKPF older than 2 years via SARA 3. Optimize table partitioning 4. Monitor memory recovery,Agent_DB_01,7.0,Resolved,Critical,9,Production
INC012,2026-01-16,P2,SAP ECC,SD,Error,Delivery document creation failing with partner error,VL01N failing with partner function SP not determined. Orders stuck without deliveries.,Ship-to party partner function removed during customer master data cleanup,1. Check customer master XD03 partner functions 2. Restore SP partner function 3. Process stuck deliveries via VL04 4. Add partner function validation to cleanup procedures,Agent_SD_01,2.0,Resolved,High,4,Production
INC013,2026-01-17,P3,SAP ECC,BASIS,Performance,Background job queue backlog exceeding threshold,Over 200 background jobs in queue. BTCTRNS1 showing Released status with no available background work processes.,Background work processes consumed by long-running reports without time limits,1. Check SM37 for long-running jobs 2. Cancel stuck jobs after review 3. Increase BGD work processes in RZ04 4. Implement job scheduling governance,Agent_BASIS_01,3.0,Resolved,Medium,11,Production
INC014,2026-01-18,P2,Oracle EBS,PO,Error,Purchase order approval workflow stuck in AME,Purchase orders pending approval for 3+ days. AME rules not routing to backup approvers.,Approval hierarchy missing backup approver for terminated manager in HR_ALL_POSITIONS,1. Check AME rule configuration 2. Update approval hierarchy 3. Reassign pending approvals 4. Add vacancy detection rule to AME,Agent_MM_01,4.0,Resolved,High,7,Production
INC015,2026-01-19,P1,SAP ECC,FI,Error,Bank statement import BFF failing with format error,Electronic bank statement import via FF_5 failing. Bank reconciliation delayed.,Bank communication format changed by bank without prior notification,1. Compare old and new bank formats 2. Update FIBF configuration 3. Adjust BAI2/MT940 mapping in SPRO 4. Test with sample statement,Agent_FI_01,5.0,Resolved,Critical,3,Production
INC016,2026-01-20,P3,SAP ECC,MM,Configuration,Purchase requisition approval workflow not triggering,PR created via ME51N not routing to approvers. SWI1 showing no workflow events.,Release strategy condition records not maintained for new purchasing group,1. Check release strategy in SPRO 2. Maintain condition records for new purch group 3. Test workflow via SWDD 4. Verify approver assignments in SWI1,Agent_MM_01,2.5,Resolved,Medium,5,Production
INC017,2026-01-21,P2,Oracle EBS,AR,Error,Oracle AR AutoInvoice failing with tax calculation error,AutoInvoice import rejecting records with tax error. Revenue recognition delayed.,Tax rate code expired in ZX_RATES table for January effective dates,1. Check tax configuration in eBTax 2. Extend rate effective dates 3. Revalidate interface records 4. Resubmit AutoInvoice,Agent_FI_01,3.0,Resolved,High,6,Production
INC018,2026-01-22,P1,SAP ECC,BASIS,Performance,SAP system response time degraded across all modules,Average dialog response time exceeding 3 seconds. All transactions affected.,Excessive table statistics causing optimizer to choose suboptimal execution plans,1. Update table statistics via DB13 2. Reset buffer pools 3. Check expensive SQL in ST04 4. Review and tune top 10 queries,Agent_DB_01,6.0,Resolved,Critical,14,Production
INC019,2026-01-23,P3,SAP ECC,SD,Configuration,Output determination not generating invoice printouts,Billing documents created but no output generated. Customers not receiving invoices.,Output condition records missing for new billing type in NACE,1. Check NACE output configuration 2. Create condition records in VV31 3. Manually trigger output for pending invoices 4. Verify printer/email settings,Agent_SD_01,2.0,Resolved,Medium,4,Production
INC020,2026-01-24,P2,SAP ECC,MM,Error,Goods receipt posting creating duplicate material documents,MIGO posting creating two material documents for single receipt. Inventory quantities doubled.,Double-click on save button combined with missing idempotency check in custom BADI,1. Identify affected material docs via MB51 2. Reverse duplicates via MBST 3. Implement click-lock in BADI 4. Add duplicate detection logic,Agent_MM_01,4.0,Resolved,High,8,Production
INC021,2026-01-25,P1,SAP ECC,MM,Performance,SAP transaction ME2M report running for 45 minutes,Purchase order report ME2M timing out for large date ranges. Procurement team blocked.,Missing index on EKKO/EKPO for document date range queries,1. Analyze execution plan in ST05 2. Create composite index on EKKO(BEDAT+BUKRS) 3. Consider ALV list vs grid optimization 4. Implement date range restrictions,Agent_DB_01,3.0,Resolved,High,13,Production
INC022,2026-01-26,P2,Oracle EBS,FA,Error,Oracle Fixed Assets depreciation projection report error,Depreciation projection showing negative values. Capital planning affected.,Salvage value incorrectly set higher than asset cost for recently transferred assets,1. Query FA_BOOKS for salvage > cost 2. Correct salvage values 3. Run what-if depreciation 4. Resubmit projection report,Agent_FI_01,3.5,Resolved,Medium,3,Production
INC023,2026-01-27,P3,SAP ECC,FI,Access,Financial report authorization missing for new cost centers,Users cannot run FBL3N for new cost centers. Authorization check failing on K_BKPF.,Authorization profile not updated for new cost center groups in PFCG,1. Check SU53 authorization failures 2. Update role in PFCG 3. Add new cost center groups 4. Transport and assign updated role,Agent_SEC_01,1.5,Resolved,Low,5,Production
INC024,2026-01-28,P2,SAP ECC,SD,Error,Intercompany billing process generating incorrect tax,VF01 intercompany invoice showing domestic tax instead of zero-rated for cross-border,Tax condition records not maintained for intercompany customer/plant combination,1. Review FTXP tax code configuration 2. Create intercompany tax condition records 3. Rebill affected intercompany invoices 4. Add intercompany tax validation,Agent_SD_01,4.0,Resolved,High,6,Production
INC025,2026-01-29,P1,SAP ECC,BASIS,Performance,SAP system crash due to extended memory exhaustion,System dump with TSV_TNEW_PAGE_ALLOC_FAILED. Multiple users disconnected.,Memory leak in custom ABAP program running as periodic background job,1. Analyze ST22 dumps 2. Identify leaking program via SM04 3. Fix internal table memory handling 4. Increase ztta/roll_extension parameter,Agent_BASIS_01,8.0,Resolved,Critical,7,Production
INC026,2026-01-30,P3,Oracle EBS,INV,Configuration,Oracle cycle count not generating count requests,Cycle count entries not appearing in physical inventory. ABC analysis not running.,Cycle count header not enabled for automatic scheduling in MTL_CYCLE_COUNT_HEADERS,1. Enable auto-schedule in cycle count header 2. Define ABC classes and item assignments 3. Run ABC compilation 4. Generate count requests,Agent_MM_01,2.0,Resolved,Medium,4,Production
INC027,2026-01-31,P2,SAP ECC,MM,Performance,Material master search help extremely slow in MM01,F4 search help on material number taking 30+ seconds. Users frustrated.,Search help program performing full table scan on MARA without proper selection criteria,1. Analyze search help in SE11 2. Add collective search help with prioritized elementary helps 3. Implement max hit restrictions 4. Consider creating custom search help,Agent_DB_01,3.5,Resolved,Medium,16,Production
INC028,2026-02-01,P1,SAP ECC,FI,Error,Payment run F110 failing with bank determination error,Automatic payment run aborting. Vendor payments delayed past due dates.,House bank configuration changed during maintenance without updating payment method supplements,1. Check FBZP payment method configuration 2. Restore house bank assignment 3. Verify bank determination rules 4. Restart F110 payment run,Agent_FI_01,5.0,Resolved,Critical,5,Production
INC029,2026-02-02,P3,SAP ECC,SD,Performance,Sales order report VA05 slow for large date ranges,VA05 taking over 20 minutes for monthly reports. Sales team productivity impacted.,Non-optimized custom report variant loading all fields including pricing conditions,1. Create optimized report variant 2. Limit default date range 3. Remove unnecessary ALV fields 4. Consider creating custom transaction with reduced dataset,Agent_SD_01,2.5,Resolved,Medium,9,Production
INC030,2026-02-03,P2,Oracle EBS,WMS,Error,Oracle WMS task dispatching not assigning tasks,Warehouse tasks created but not dispatched to operators. Pick operations manual.,Task type rules not configured for new warehouse zone in WMS_RULES,1. Check WMS rule configuration 2. Add rules for new warehouse zone 3. Assign operator resources 4. Test task dispatch and confirm,Agent_MM_01,4.0,Resolved,High,6,Production
INC031,2026-02-04,P1,SAP ECC,MM,Performance,IDOC processing queue blocked for material master,Inbound IDOCs for MATMAS stuck in status 64. Master data sync halted across systems.,TRFC queue locked after transactional RFC failure during peak load,1. Check SM58 for stuck tRFC 2. Unlock TRFC queue in SMQ2 3. Reprocess failed IDOCs via BD87 4. Monitor IDOC status in WE05,Agent_BASIS_01,4.0,Resolved,Critical,11,Production
INC032,2026-02-05,P2,SAP ECC,FI,Configuration,Withholding tax not calculating on vendor invoices,MIRO not deducting withholding tax. Tax compliance at risk.,Withholding tax type and code not assigned to vendor master after migration,1. Check vendor master FK03 WHT section 2. Update WHT type/code via FK02 3. Recalculate affected invoices 4. Verify with J1INCHLN report,Agent_FI_01,3.0,Resolved,High,4,Production
INC033,2026-02-06,P3,SAP ECC,BASIS,Access,Transport request stuck in import queue,Transport requests failing with return code 8. Development changes not reaching QA.,Import queue locked by failed transport with data dictionary conflicts,1. Check STMS import queue 2. Analyze transport log for RC=8 3. Resolve DDIC conflicts 4. Unlock queue and reimport,Agent_BASIS_01,3.5,Resolved,Medium,8,Production
INC034,2026-02-07,P2,Oracle EBS,OM,Error,Oracle Order Management booking failing with holds,Sales orders stuck with credit check hold. Customer deliveries delayed.,Credit check rule using outdated credit limit from interface not synced,1. Check credit limits in AR 2. Update credit rules 3. Release holds on valid orders 4. Fix credit limit sync interface,Agent_SD_01,3.0,Resolved,High,5,Production
INC035,2026-02-08,P1,SAP ECC,MM,Performance,Database locks on EKBE table during GR posting,Exclusive lock waits on EKBE causing MIGO timeouts during peak receiving hours.,Concurrent goods receipts on same PO causing lock escalation on EKBE,1. Analyze SM12 lock entries 2. Implement GR scheduling per PO 3. Enable row-level locking 4. Stagger receiving windows,Agent_DB_01,6.0,Resolved,Critical,17,Production
INC036,2026-02-09,P3,SAP ECC,SD,Configuration,Rebate agreement settlement not processing,VBO1 rebate settlement generating zero accruals. Sales incentives not being tracked.,Rebate condition type BO01 scale base not maintained for new product hierarchy,1. Check VBO3 agreement details 2. Maintain scale base in rebate condition 3. Run VBOF retroactive rebate adjustment 4. Verify accrual postings,Agent_SD_01,3.0,Resolved,Medium,3,Production
INC037,2026-02-10,P2,SAP ECC,FI,Error,Automatic clearing F.13 not matching open items,Automatic clearing failing to match invoice and payment line items. AR aging inflated.,Clearing criteria in FBKP missing reference field for payment allocation,1. Review FBKP clearing rules 2. Add ZUONR to clearing criteria 3. Run F.13 test mode first 4. Execute clearing for affected company codes,Agent_FI_01,2.5,Resolved,High,9,Production
INC038,2026-02-11,P1,SAP ECC,BASIS,Performance,RFC connections to satellite systems failing,RFC destinations returning COMMUNICATION_FAILURE. BW extraction and PI interfaces down.,Gateway process overloaded with orphaned RFC connections not being released,1. Check SMGW gateway monitor 2. Kill orphaned connections 3. Increase gw/max_conn parameter 4. Implement RFC connection pooling,Agent_BASIS_01,5.0,Resolved,Critical,10,Production
INC039,2026-02-12,P3,Oracle EBS,AP,Configuration,Oracle AP payment format generating invalid file,Payment file rejected by bank. ACH/EFT payments not transmitted.,Payment format template not updated for new bank file specification,1. Check payment format in IBY 2. Update XSLT template 3. Regenerate payment file 4. Validate with bank test upload,Agent_FI_01,4.0,Resolved,High,5,Production
INC040,2026-02-13,P2,SAP ECC,MM,Error,Batch determination in VL02N not finding valid batches,Delivery processing not finding available batches despite stock availability.,Batch search strategy condition records expired in transaction MBC1,1. Check batch search strategy in OMCE 2. Extend condition records in MBC1 3. Verify batch classification in MSC3N 4. Reprocess deliveries,Agent_MM_01,3.0,Resolved,High,7,Production
INC041,2026-02-14,P1,SAP ECC,FI,Performance,Year-end balance carryforward taking excessive time,FAGLGVTR running for 18+ hours. Year-end close deadline at risk.,All company codes being processed sequentially instead of parallel execution,1. Enable parallel processing in FAGLGVTR 2. Segment by company code groups 3. Schedule during low-activity window 4. Monitor via SM37,Agent_DB_01,10.0,Resolved,Critical,2,Production
INC042,2026-02-15,P3,SAP ECC,SD,Error,Credit memo request not triggering workflow approval,VA01 credit memo orders bypassing approval workflow. Revenue leakage risk.,Workflow event linkage broken after support pack upgrade for credit order type,1. Check SWE2 event type linkage 2. Restore workflow trigger for credit memo 3. Test with SWDD 4. Process pending credit memos through workflow,Agent_SD_01,2.0,Resolved,Medium,4,Production
INC043,2026-02-16,P2,SAP ECC,BASIS,Error,Spool system overflow causing print failures,SP01 showing thousands of unprocessed spool requests. Output management paralyzed.,Spool work processes hung due to printer connectivity issues over weekend,1. Check spool administration SP02 2. Delete obsolete spool requests 3. Restart spool work processes 4. Fix printer connectivity and test,Agent_BASIS_01,3.0,Resolved,High,12,Production
INC044,2026-02-17,P1,Oracle EBS,GL,Performance,Oracle GL posting subledger journal entries timeout,Subledger accounting program running indefinitely. Period close blocked.,XLA_AE_LINES table bloated with 500M+ records without partition management,1. Implement table partitioning on XLA_AE_LINES 2. Archive old periods 3. Update statistics 4. Resubmit SLA accounting,Agent_DB_01,12.0,Resolved,Critical,8,Production
INC045,2026-02-18,P3,SAP ECC,MM,Configuration,Vendor evaluation scores not updating,ME61 showing stale vendor scores. Procurement decisions based on outdated data.,Evaluation criteria weights reset to zero during customizing transport,1. Check ME62 evaluation criteria 2. Restore weights from test system 3. Run ME63 automatic evaluation 4. Verify scores across purchasing orgs,Agent_MM_01,2.0,Resolved,Low,3,Production
INC046,2026-02-19,P2,SAP ECC,FI,Error,Dunning run F150 generating letters for cleared items,Customers receiving dunning notices for already-paid invoices. Customer complaints.,Dunning date selection not excluding recently cleared items within grace period,1. Review F150 dunning parameters 2. Adjust clearing date consideration 3. Suppress notices for recently cleared items 4. Send apology communications,Agent_FI_01,2.0,Resolved,High,6,Production
INC047,2026-02-20,P1,SAP ECC,SD,Performance,Availability check ATP taking 45 seconds per line item,CO09 availability check response times unacceptable. Order entry productivity crashed.,ATP check scope including all MRP elements instead of confirmed quantities only,1. Review OVZG ATP check configuration 2. Restrict checking scope to confirmed receipts 3. Optimize ATP relevant tables 4. Enable ATP check caching,Agent_DB_01,4.0,Resolved,Critical,11,Production
INC048,2026-02-21,P3,Oracle EBS,HR,Configuration,Oracle HRMS absence accrual plan not calculating,PTO accruals showing zero for new year. Employee absence balances incorrect.,Accrual plan effective dates not rolled over for 2026 fiscal year,1. Update accrual plan dates 2. Run accrual process 3. Verify individual balances 4. Communicate corrected balances to employees,Agent_HR_01,2.5,Resolved,Medium,3,Production
INC049,2026-02-22,P2,SAP ECC,MM,Performance,Purchase order print program extremely slow,ME9F mass output processing taking 4+ hours for monthly PO prints.,Custom smartform loading vendor logo images from external URL for each PO,1. Cache vendor logos locally 2. Optimize smartform logic 3. Enable parallel output processing 4. Schedule during off-peak hours,Agent_MM_01,3.0,Resolved,Medium,8,Production
INC050,2026-02-23,P1,SAP ECC,BASIS,Performance,SAP Web Dispatcher high response times for Fiori apps,Fiori launchpad loading in 30+ seconds. All Fiori-based operations impacted.,Web Dispatcher connection pool exhausted due to non-released HTTP connections,1. Check ICM monitor in SMICM 2. Increase connection pool size 3. Configure keep-alive timeout 4. Restart ICM and Web Dispatcher,Agent_BASIS_01,3.0,Resolved,Critical,13,Production
